Gene.symbol,logFC,AveExpr,t,P.Value,adj.P.Val,B
A2M,-0.484344524,-0.020911213999999997,-6.183869867,2.8700000000000002e-08,1.94e-07,8.420213921
A2ML1,-0.241288497,0.080568911,-2.4279642569999997,0.017542734,0.031212836,-4.306484415
ACAN,0.503714209,0.14971453199999998,4.986491502,3.76e-06,1.58e-05,3.6620115330000003
ADAM11,0.542234977,0.24797435199999998,5.712274304,2.05e-07,1.14e-06,6.496461066
ADAM12,2.076744164,0.773886222,6.832675362000001,1.79e-09,1.59e-08,11.14374513
ADAM15,0.23028194600000002,0.051864723,3.016598184,0.003473032,0.0073921690000000005,-2.837751356
ADAM17,0.675062884,-0.011416582,5.545477159,4.05e-07,2.1e-06,5.830160702000001
ADAM19,0.543990439,0.132395296,3.2916944110000004,0.00151068,0.0034815209999999996,-2.065460889
ADAM2,0.13274526,0.063202381,2.5863582380000003,0.011605339,0.021670776,-3.9371887410000004
ADAM20,-0.30893607,-0.038721571,-4.525270374,2.18e-05,7.69e-05,1.9619289219999998
ADAM21,-0.563392227,-0.05355956,-7.509203771,9.390000000000001e-11,1.1e-09,14.04871132
ADAM22,0.34345903200000005,0.150909786,2.344241017,0.021672557999999998,0.037653316,-4.493621179
ADAM23,0.885147632,0.23271489,5.126757145,2.17e-06,9.56e-06,4.195856841
ADAM32,-0.46607815700000005,0.116191776,-5.3395562739999995,9.31e-07,4.46e-06,5.01919341
ADAM33,1.009261039,0.081776447,8.06448299,8.14e-12,1.21e-10,16.46228124
ADAM7,0.203012145,0.066264065,3.604456323,0.000555639,0.001424831,-1.126928834
ADAM8,0.7155515659999999,0.242764471,3.7473465519999998,0.00034558300000000006,0.0009284489999999999,-0.678056549
ADAM9,-0.349842946,0.088309749,-3.6296803810000005,0.000511364,0.001324026,-1.0485780470000001
ADAMTS12,1.6680730519999998,0.538393189,5.206809133999999,1.58e-06,7.21e-06,4.503742187
ADAMTS14,0.55195601,0.156142413,5.5694533139999995,3.6700000000000004e-07,1.92e-06,5.925437399
ADAMTS15,-0.9418180270000001,0.277705403,-3.831287295,0.00026015099999999997,0.000717312,-0.40878139799999996
ADAMTS16,1.1423300859999999,0.37225041200000003,6.258045964,2.1e-08,1.4599999999999998e-07,8.727542043
ADAMTS18,0.630460802,0.299690946,2.764775492,0.007140621999999999,0.014065399,-3.49795131
ADAMTS2,2.054647732,0.542044022,7.24534123,2.98e-10,3.14e-09,12.90973856
ADAMTS3,1.044953249,0.49035806200000004,4.385210166,3.66e-05,0.000122794,1.4640797769999998
ADAMTS5,3.006976653,0.31054402,10.199732699999998,6.75e-16,2.71e-14,25.76003932
ADAMTS6,0.509187069,0.14651615,3.138363543,0.002416233,0.005324784,-2.502300376
ADAMTS7,1.0044232,0.152045941,10.42353482,2.55e-16,1.18e-14,26.72261154
ADAMTS8,0.8421548440000001,0.174364778,4.695460531,1.15e-05,4.3200000000000007e-05,2.578831091
ADAMTS9,1.671060861,0.294872012,5.938945225,8.01e-08,4.89e-07,7.414227542999999
ADAMTSL1,1.562985279,0.5179013029999999,6.610652931000001,4.66e-09,3.79e-08,10.20338538
ADAMTSL2,1.267481296,0.309201923,10.86316843,3.8200000000000003e-17,2.2199999999999998e-15,28.601644800000003
ADAMTSL3,1.272680651,0.434742135,4.678207012,1.23e-05,4.59e-05,2.515714043
AEBP1,4.689421895,-0.19787702399999998,17.78238529,7.64e-29,2.12e-25,55.17775224
AGRN,0.552833996,0.09992647699999999,5.1685464,1.84e-06,8.28e-06,4.356297266
AMBN,-0.639567743,-0.042753828,-6.617012093,4.54e-09,3.7e-08,10.23020908
ANGPT1,1.8308776080000002,0.557163359,7.2664748910000005,2.72e-10,2.8899999999999997e-09,13.00071638
ANGPT2,1.7695525380000001,0.514133616,7.355937331,1.8399999999999998e-10,2.02e-09,13.38633925
ANGPT4,-0.447993959,0.023944471000000002,-4.561981526,1.9e-05,6.8e-05,2.093912556
ANGPTL1,1.577670247,0.42242615899999997,6.6248538660000005,4.39e-09,3.59e-08,10.26329597
ANGPTL2,2.243438035,0.36478499299999995,10.42130317,2.58e-16,1.18e-14,26.71303219
ANGPTL4,0.44792659799999995,0.171996113,3.889699063,0.000213051,0.000599324,-0.21902864100000002
ANXA10,-0.40040210299999995,-0.020831059,-5.763004474,1.66e-07,9.41e-07,6.70067537
ANXA11,-0.40617169399999997,0.040860845,-4.7899847630000005,8.04e-06,3.12e-05,2.9268566810000003
ANXA13,-0.481949379,0.015731818999999998,-4.713359346,1.0800000000000002e-05,4.0600000000000004e-05,2.644443177
ANXA2,0.9262446559999999,0.10610430400000001,4.3595488389999995,4.03e-05,0.000133535,1.3738669369999998
ANXA3,-1.5771612169999998,-0.152481692,-5.772751331,1.6e-07,9.079999999999999e-07,6.739991871
ANXA4,0.6721884909999999,0.109069724,2.5982932069999998,0.011241822,0.021073437999999996,-3.908566796
ANXA5,1.597793667,0.097763501,6.6525348,3.8900000000000004e-09,3.23e-08,10.38017232
ANXA6,1.146691891,0.151680061,6.125600855,3.67e-08,2.4199999999999997e-07,8.179630979
ANXA9,-0.28651948899999996,0.183508248,-2.549555119,0.01279422,0.023601226,-4.024752092
AREG,1.104244892,0.73432523,2.80279308,0.006421151999999999,0.012791073,-3.4012536860000004
ARTN,-0.462231303,0.02120809,-3.899837189,0.00020575599999999997,0.000580879,-0.185899255
ASPN,3.851487582,0.653369134,7.510630922000001,9.33e-11,1.1e-09,14.05488849
BDNF,0.464819792,0.299894161,2.364126197,0.020620336,0.035985587,-4.449686255
BGN,4.573222908,0.6266466629999999,18.52771673,5.97e-30,3.32e-26,57.67416302
BMP1,0.688915996,0.180293431,5.998783565,6.24e-08,3.91e-07,7.6586984010000005
BMP10,-0.298228838,-0.010901369,-2.912817185,0.004697239000000001,0.009664569,-3.1154054060000003
BMP15,-0.6088383079999999,-0.08185981099999999,-6.666618064,3.6700000000000004e-09,3.06e-08,10.43968406
BMP2,0.8290482579999999,0.390287802,5.286795819,1.15e-06,5.41e-06,4.8136118130000005
BMP4,1.097196216,0.093354465,6.712816031,3e-09,2.5499999999999997e-08,10.63512799
BMP7,-1.3248696359999999,0.246862264,-6.334503801,1.52e-08,1.0900000000000001e-07,9.045527219
BMPER,0.37887759200000004,0.085166974,5.054498592,2.88e-06,1.24e-05,3.919930487
BRINP2,-0.48404788200000004,0.048482751,-5.999542169,6.22e-08,3.9e-07,7.6618032860000005
BRINP3,0.20253716600000002,0.058927413,3.849067025,0.000244851,0.000678578,-0.35122736
BTC,-1.9219112580000002,0.584165652,-7.0218161079999994,7.89e-10,7.62e-09,11.95052634
C1QA,1.805210865,0.055562295,6.346039349,1.44e-08,1.05e-07,9.093605917
C1QB,2.525202432,0.268194997,6.659126409,3.79e-09,3.15e-08,10.40802249
C1QC,1.676376673,0.267645288,7.120505283,5.14e-10,5.17e-09,12.3733184
C1QL1,0.275869241,0.089907066,3.487522981,0.0008128219999999999,0.002008195,-1.485053898
C1QTNF1,1.001462785,0.029175542000000002,12.54178231,3.2499999999999996e-20,4.92e-18,35.59865503
C1QTNF2,0.8425527620000001,0.200924739,6.933938699,1.16e-09,1.07e-08,11.57508296
C1QTNF3,1.7475195559999999,0.600933784,4.927381054,4.73e-06,1.9399999999999997e-05,3.4392675130000003
C1QTNF4,0.730606798,0.13651512400000002,8.092862602,7.18e-12,1.08e-10,16.58605551
C1QTNF6,1.079305225,0.220902917,6.999399121000001,8.699999999999999e-10,8.329999999999999e-09,11.85465791
C1QTNF7,3.8262519189999997,0.39797878600000003,12.52914878,3.43e-20,5.11e-18,35.547180600000004
CBLN1,-0.480105422,-0.004802659,-5.019086035,3.31e-06,1.4000000000000001e-05,3.785409659
CBLN2,-0.38722852700000004,0.049368287999999996,-3.93540033,0.000182011,0.000521386,-0.069233924
CBLN3,-0.756856125,0.046948656,-8.140035606,5.83e-12,8.970000000000001e-11,16.79185714
CBLN4,0.9893535640000001,0.48529992,3.4976831230000003,0.000786632,0.0019504289999999998,-1.4542733840000002
CCL11,1.19491249,0.314097279,4.4620014580000005,2.7600000000000003e-05,9.499999999999999e-05,1.735906766
CCL16,-0.44832610700000003,0.034299526000000004,-4.25844815,5.8099999999999996e-05,0.000186322,1.021556181
CCL19,0.331499577,0.163716807,3.196855165,0.002023258,0.004533052,-2.3375276130000002
CCL2,0.741822713,0.192463986,3.400892067,0.001072137,0.002570283,-1.74485734
CCL20,-0.9117681670000001,0.320746039,-3.970068945,0.000161406,0.00046724900000000004,0.045168605
CCL21,0.438379891,0.25876667600000003,3.322169882,0.001373766,0.0032018520000000003,-1.976767776
CCL25,-0.936567307,0.009331359000000001,-7.373932394,1.7e-10,1.89e-09,13.46399955
CCL28,-0.67576176,0.157042991,-4.846749305,6.46e-06,2.56e-05,3.1376355989999998
CCL4,0.6919111659999999,0.290195242,3.191801262,0.002054694,0.004597921,-2.3518564019999997
CCL8,1.5854873930000002,0.300988798,5.394216394,7.47e-07,3.65e-06,5.233145513999999
CELA2B,0.7052832859999999,0.157099032,8.412913789,1.75e-12,3.0500000000000005e-11,17.98351441
CFC1B,0.32646479100000003,0.13087628699999998,3.358410577,0.001226145,0.0028984040000000003,-1.8705044169999998
CHAD,-0.292180499,-0.0030383740000000004,-3.2750705860000004,0.001590668,0.003648454,-2.11358321
CHADL,0.52633428,0.045184565,5.181893507,1.75e-06,7.88e-06,4.407671573
CHRDL2,-0.25362275300000003,0.021496951,-2.282768758,0.025232844,0.043067749,-4.627404382
CILP,2.405873927,0.445702079,8.944290771,1.67e-13,3.68e-12,20.30583021
CILP2,2.042509591,0.642785234,6.854365773,1.6300000000000002e-09,1.46e-08,11.23601528
CLC,-0.323994149,0.085788074,-2.581827486,0.011746099,0.021900492999999997,-3.948025303
CLCF1,-0.454605641,-0.06918226,-3.870417335,0.000227614,0.000635884,-0.28187870600000003
CLEC10A,0.6398013610000001,0.18999470899999998,4.69414762,1.1599999999999999e-05,4.34e-05,2.574023703
CLEC11A,2.414228353,0.252756971,12.32989944,7.8e-20,1.0099999999999999e-17,34.73282637
CLEC12A,0.426386142,0.22944904600000002,2.462557319,0.016052594,0.028850266,-4.227521554
CLEC14A,0.660356687,0.107171567,6.293979726,1.8e-08,1.28e-07,8.876840202999999
CLEC1A,-1.127423954,-0.10736265,-8.937563379,1.7199999999999997e-13,3.78e-12,20.27644255
CLEC2B,1.12335613,0.41219747100000004,5.712068127,2.05e-07,1.14e-06,6.495632551
CLEC2D,0.375546902,0.09730966699999999,2.8613537989999998,0.005442139,0.011017653999999998,-3.250212677
CLEC3A,-0.44506257299999996,-0.04543551,-5.051775548,2.91e-06,1.25e-05,3.9095698910000003
CLEC4A,1.3472612919999998,0.490338049,5.522910992999999,4.44e-07,2.28e-06,5.740645021000001
CLEC4E,0.337863931,0.079612032,3.3587472739999997,0.001224847,0.002896384,-1.8695131569999999
CLEC4F,-0.32986209,-0.00014964,-4.1758690519999995,7.82e-05,0.00024360200000000002,0.73755693
CLEC5A,0.7649166759999999,0.276973885,3.0046902280000003,0.0035967020000000002,0.007628359,-2.869999405
CLEC7A,2.112253002,0.344046835,8.211633174,4.25e-12,6.77e-11,17.10434956
CNTF,-0.45015328299999996,-0.021170415,-5.40028548,7.29e-07,3.57e-06,5.256961085
COCH,0.37222651,0.128057529,2.882159108,0.005128782,0.010442751,-3.1959456289999997
COL10A1,3.594235626,1.1965969840000001,7.023589301,7.83e-10,7.56e-09,11.95811229
COL11A1,3.0624781060000004,1.215563085,6.23545026,2.3100000000000002e-08,1.6e-07,8.633798934
COL14A1,3.720242727,0.497696075,8.745598503,4.01e-13,8.14e-12,19.43760325
COL15A1,3.3364926789999996,0.742237588,9.881957395,2.7e-15,9.3e-14,24.3871992
COL16A1,4.818260154,0.156324734,17.90295627,5.04e-29,1.6e-25,55.58628716
COL18A1,1.66827366,0.339708754,8.325814657999999,2.5699999999999998e-12,4.3100000000000005e-11,17.60297884
COL19A1,0.15546163300000002,0.058877995,2.33816793,0.022003281,0.0381712,-4.506975295
COL1A1,4.548654785,0.5503400589999999,12.266555300000002,1.0100000000000001e-19,1.25e-17,34.47294516
COL1A2,3.592088874,-0.168895883,10.77760552,5.5299999999999994e-17,3.0399999999999997e-15,28.23725403
COL21A1,1.6969754369999999,0.6813484009999999,5.25924354,1.28e-06,5.97e-06,4.706626258
COL23A1,-0.392618614,0.135509711,-2.370780234,0.02027852,0.035453107000000005,-4.434913133999999
COL24A1,1.587317752,0.422124626,7.175718831,4.04e-10,4.15e-09,12.61035819
COL26A1,0.370214869,0.145883601,3.4852711760000004,0.0008187369999999999,0.002021236,-1.4918670619999999
COL27A1,0.32747857,0.078045059,3.72775995,0.00036906300000000004,0.000984508,-0.7403009890000001
COL28A1,-0.300356109,0.083695764,-2.503441449,0.014438461999999999,0.026253036,-4.132973697
COL4A1,1.562972359,0.46237213899999996,6.335077827,1.51e-08,1.0900000000000001e-07,9.04791906
COL4A2,3.133103603,0.6722196970000001,12.85167578,9.13e-21,1.6199999999999999e-18,36.85521924
COL4A4,0.413473385,0.255699894,2.422525087,0.017787965,0.031603612,-4.318813103
COL4A5,2.1108341619999997,0.137833639,7.268633744,2.69e-10,2.8600000000000005e-09,13.01001258
COL4A6,1.232592181,0.36683578299999997,6.158460878,3.19e-08,2.1300000000000001e-07,8.315212075
COL5A1,3.502407935,0.9031678740000001,10.5723406,1.34e-16,6.740000000000001e-15,27.36045502
COL5A2,4.604188488999999,0.7888453790000001,10.51237655,1.74e-16,8.390000000000001e-15,27.10364109
COL5A3,0.859711023,0.18564481800000002,4.24791967,6.04e-05,0.00019286599999999998,0.985156708
COL6A1,1.47040761,0.37492344299999997,10.05391149,1.27e-15,4.72e-14,25.13090257
COL6A2,4.332872007,0.569198209,11.79729712,7.21e-19,6.590000000000001e-17,32.53329535
COL6A3,4.077028532,-0.140761126,12.89408082,7.68e-21,1.43e-18,37.02624739
COL6A5,0.34878745200000005,0.088671068,3.831750975,0.00025974099999999996,0.00071627,-0.40728272
COL6A6,1.343828781,0.7015657679999999,3.940046024,0.00017911,0.000513615,-0.053941977
COL7A1,1.470638603,0.130833601,9.892646708,2.58e-15,8.94e-14,24.43348476
COL8A1,0.9969317740000001,0.369856377,5.476284708,5.36e-07,2.71e-06,5.5561796789999995
COL8A2,2.214889395,0.375964544,6.507266453,7.26e-09,5.6399999999999995e-08,9.768266204
COL9A2,-0.66945696,0.157941404,-5.546497134,4.03e-07,2.09e-06,5.834210381
COL9A3,0.759119185,0.18192617100000003,3.4199231869999998,0.0010092319999999999,0.0024363,-1.6881926880000002
COLEC11,1.471716957,0.618681861,3.6736705030000003,0.000442061,0.001161528,-0.911019458
COLEC12,3.30157229,0.239352244,10.14481429,8.57e-16,3.34e-14,25.52327098
COMP,4.168452692,1.548661523,7.7767064029999995,2.8999999999999997e-11,3.8399999999999997e-10,15.20917148
CPAMD8,0.504877429,0.019087409,3.307997139,0.00143592,0.003327518,-2.018090849
CPN2,-0.52767989,-0.001060448,-7.176770703,4.02e-10,4.13e-09,12.61487737
CRELD1,0.481198091,-0.027178032999999997,3.534887655,0.000697386,0.00175024,-1.3410110720000001
CRELD2,1.558313685,0.28893903600000004,8.123694572,6.27e-12,9.549999999999999e-11,16.72055768
CRHBP,-0.33568254799999997,-0.026601358999999998,-4.152376051,8.499999999999999e-05,0.000262243,0.657395033
CRIM1,0.7625820529999999,0.141901539,2.9591540860000003,0.004108254,0.008587912,-2.9923878360000002
CRISPLD1,2.4837863209999997,0.0040569740000000005,5.636608173,2.79e-07,1.5e-06,6.193202668
CRISPLD2,3.002242913,0.658871277,9.321237242,3.16e-14,8.3e-13,21.95071545
CRLF3,0.493670994,-0.055282362,2.624923231,0.010467623,0.019742068999999998,-3.8443070919999998
CRNN,-0.221595001,-0.043389512000000005,-2.9258004260000003,0.004524798,0.009346986,-3.081092697
CSPG4,1.428574515,0.279695877,8.621861061,6.929999999999999e-13,1.33e-11,18.896745000000003
CSPG5,-0.6326245739999999,0.260132816,-3.035265922,0.003287076,0.007028011,-2.7869956780000003
CST1,0.684671942,0.180177428,7.953197575,1.33e-11,1.88e-10,15.97722976
CST3,1.139324459,0.15185306199999998,5.255948282,1.3e-06,6.04e-06,4.693848063
CST4,0.746897789,0.155624712,5.592265874,3.35e-07,1.77e-06,6.016249042
CST7,0.749056287,0.290053949,4.247703077,6.04e-05,0.00019296099999999998,0.984408478
CST8,-0.461522916,0.022023959,-4.715127525,1.07e-05,4.04e-05,2.650932224
CST9,0.305144976,0.117952062,3.604078663,0.000556329,0.00142635,-1.128098987
CSTA,2.441191724,-0.30784909,6.871377525,1.52e-09,1.37e-08,11.30842968
CSTB,0.332942884,0.04737481599999999,3.701101177,0.000403475,0.001068734,-0.824658254
CSTL1,-0.202113772,-0.016505969,-3.143928564,0.002375982,0.005242968000000001,-2.486724026
CTF1,0.574383717,0.08692111699999999,6.415253987000001,1.08e-08,8.039999999999999e-08,9.382632603
CTGF,3.8767822169999997,0.243159399,11.22072571,8.28e-18,5.64e-16,30.11698198
CTHRC1,2.999970998,0.092730495,6.422724102,1.04e-08,7.809999999999999e-08,9.413881616
CTSA,0.8137809709999999,0.081597177,4.888549053,5.5e-06,2.22e-05,3.293680067
CTSB,1.650692662,-0.027149582000000002,7.699613306,4.0700000000000006e-11,5.21e-10,14.87422938
CTSC,0.648852877,0.21568986899999998,3.228752783,0.001835002,0.004154837,-2.246694121
CTSD,0.467289474,-0.086666677,2.470480093,0.015727703,0.028321336000000003,-4.209302876000001
CTSE,-0.8021011259999999,-0.048911709000000005,-6.064779207999999,4.7300000000000007e-08,3.05e-07,7.929324157999999
CTSF,1.3696088,-0.041138875,6.799700057999999,2.07e-09,1.81e-08,11.00360061
CTSG,-0.543099449,-0.057910902,-5.584093735,3.46e-07,1.82e-06,5.983699906
CTSH,1.809534863,-0.004848377,8.366450231,2.14e-12,3.6899999999999997e-11,17.78049984
CTSK,3.6068177280000002,0.09525613699999999,10.36297839,3.3199999999999997e-16,1.47e-14,26.46253468
CTSL,1.4244943419999998,0.013701678,6.7330689679999995,2.7500000000000002e-09,2.3500000000000002e-08,10.72091627
CTSO,1.6214482959999998,0.229822577,7.138541002999999,4.75e-10,4.8100000000000006e-09,12.45071011
CTSS,1.41685619,0.217614804,5.520992973999999,4.47e-07,2.3e-06,5.73304372
CTSV,-0.5736267110000001,0.10346705699999999,-2.637570778,0.010117147,0.019157917,-3.8135966480000003
CTSZ,0.465374457,0.140090923,4.380541139,3.73e-05,0.000124726,1.44764227
CXCL11,-1.3213896090000001,0.8530301459999999,-3.069300128,0.002971643,0.0064203080000000004,-2.6938304289999997
CXCL12,1.487314579,0.361915494,6.15421832,3.25e-08,2.17e-07,8.297693691000001
CXCL14,4.430800269,1.5266130580000001,8.789217793999999,3.3100000000000005e-13,6.8099999999999995e-12,19.62824499
CXCL2,1.866994728,0.46118556899999996,4.702581565,1.12e-05,4.22e-05,2.60491848
CXCL3,0.642556335,0.25456310600000004,2.657281905,0.009592133000000001,0.018281476,-3.7654900689999997
CYR61,1.877931745,0.546239839,6.932139702000001,1.16e-09,1.08e-08,11.56740764
DCN,0.551312119,0.209956781,6.086916522999999,4.3099999999999996e-08,2.81e-07,8.020330456
DHH,-0.192827728,0.011723373999999998,-2.679112724,0.009039663,0.01735531,-3.7118638039999996
DMBT1,-0.42957133,0.128167796,-2.712662777,0.00824691,0.015979646,-3.6287438130000003
DPT,1.595962774,0.850763732,3.917501176,0.000193613,0.00055025,-0.128040011
EBI3,0.903544428,0.051861625,7.575612679,7.01e-11,8.48e-10,14.33632164
ECM1,1.250416501,0.361846558,6.390058156,1.2e-08,8.880000000000001e-08,9.277312048999999
ECM2,0.301449927,0.0966345,2.750550954,0.007428273000000001,0.014555878000000001,-3.5338543
EDA,0.377720864,0.21732596,3.803842407,0.000285576,0.00078102,-0.497268538
EDIL3,0.182845065,0.093394474,2.2849235169999997,0.025099802999999997,0.042883494,-4.622767208
EFEMP2,2.47894528,0.45091732799999995,12.72499931,1.53e-20,2.5600000000000002e-18,36.34298645
EGFL7,0.824988374,0.135077691,8.990887247,1.36e-13,3.0499999999999997e-12,20.50935731
EGFLAM,1.00986614,0.076329947,5.650332807000001,2.64e-07,1.43e-06,6.248088051
EGLN1,0.279089267,0.078428362,3.929613347,0.000185687,0.0005309669999999999,-0.088265927
EGLN2,0.552763485,0.11459484800000001,6.633367599999999,4.23e-09,3.48e-08,10.29922971
ELFN1,0.7411704990000001,0.078768753,5.634476239,2.82e-07,1.51e-06,6.1846818379999995
ELN,0.791210525,0.19818689899999997,6.048605863,5.0599999999999996e-08,3.25e-07,7.8629076620000005
EMCN,2.156082042,0.495835029,6.689590442,3.32e-09,2.7900000000000002e-08,10.53682769
EMILIN1,4.0408207869999995,0.502361737,18.1390575,2.24e-29,9.949999999999999e-26,56.38100569
EMILIN2,-0.216724842,0.018470298,-2.400782769,0.018799112,0.033187819,-4.367858598
EPO,0.564578082,0.22660927100000003,5.508252457999999,4.71e-07,2.4e-06,5.6825802560000005
EPYC,3.858173087,1.640628502,6.728733711,2.8100000000000004e-09,2.3900000000000002e-08,10.7025474
ESM1,0.71376947,0.320923526,2.865101935,0.0053844159999999995,0.01091372,-3.24045965
EYS,0.245861722,0.06106972,5.156696712,1.93e-06,8.62e-06,4.3107396389999995
F10,1.093173393,0.261092967,8.825048029,2.8199999999999996e-13,5.9e-12,19.78483109
F12,-0.426252256,0.0904242,-2.8918089160000005,0.004989162,0.010189722,-3.170668703
F13A1,2.048995263,0.5233909210000001,8.46993883,1.36e-12,2.43e-11,18.23271504
F7,-0.221057581,0.02569785,-2.58696181,0.011586703,0.021641432999999998,-3.9357439289999996
F9,-0.183451122,-0.002811517,-2.627027743,0.010408551,0.019642329,-3.839205495
FAM20A,1.2547107229999999,0.12969076400000001,5.1141270930000005,2.28e-06,1e-05,4.147490197
FAM20B,0.21997542,0.02773651,2.512694811,0.014094029,0.025696047000000003,-4.111391393
FAM20C,1.761813384,0.159915953,8.823986091,2.84e-13,5.92e-12,19.78019038
FBLN1,1.914418021,0.581512991,6.5531839970000005,5.96e-09,4.7300000000000007e-08,9.961287404
FBLN2,1.679671748,0.295146912,7.53650531,8.329999999999999e-11,9.88e-10,14.16690962
FBLN5,0.47585282700000003,0.12805671400000002,2.765385704,0.007128514,0.014044038,-3.4964077380000003
FBN1,1.262404075,0.319996778,6.273089412000001,1.97e-08,1.3800000000000002e-07,8.790012271
FBN2,0.6247718170000001,0.258018235,2.316166141,0.023239227,0.040111764,-4.555103762
FBN3,-0.36686553200000005,0.02388369,-2.7099180169999997,0.008309301,0.016090716,-3.6355759460000003
FCN1,0.437712871,0.31563925800000003,2.447298808,0.016695299,0.029886912,-4.262468478
FGA,-0.766574548,0.023931313,-8.005993907999999,1.05e-11,1.52e-10,16.20728506
FGF1,1.1678554509999999,0.43167712700000005,6.270986088,1.98e-08,1.3900000000000001e-07,8.781275063999999
FGF10,-0.182750181,0.0032685509999999997,-2.491197337,0.014905848000000001,0.027012138999999998,-4.161427828
FGF11,0.561698341,0.10575505699999999,5.634297032,2.82e-07,1.51e-06,6.183965654
FGF13,0.7548605209999999,0.419920046,2.9020631239999997,0.004844645,0.009931991,-3.143734462
FGF2,0.5635350929999999,0.240476503,3.8428275810000003,0.00025012,0.0006917119999999999,-0.371445244
FGF22,-0.675638333,0.049949392,-5.3733130120000006,8.13e-07,3.94e-06,5.151210013
FGF23,-0.552608497,0.039303155,-6.437327581,9.79e-09,7.38e-08,9.475001483
FGF4,-0.43093612200000003,0.0017891489999999999,-6.4226640029999995,1.04e-08,7.809999999999999e-08,9.413630166
FGF6,-0.30046955,0.010423611,-2.9712613169999997,0.003966039,0.008318014,-2.959991137
FGF7,0.8808523559999999,0.316980586,6.776580646,2.28e-09,1.98e-08,10.90543955
FGF8,0.32505957399999996,0.09114154599999999,4.176134564,7.809999999999999e-05,0.000243405,0.738464517
FGFBP1,-0.510786245,0.070412462,-4.361054644,4e-05,0.000132901,1.379151895
FGFBP3,-0.350392186,0.048131957999999996,-4.327714627,4.52e-05,0.000148357,1.262393986
FGL2,2.436870088,0.18877210100000003,7.607157632000001,6.11e-11,7.5e-10,14.47305795
FLG2,-0.17115914,-0.015585587,-3.490107112,0.0008060830000000001,0.001993141,-1.477231313
FLT3LG,0.383126996,0.091638105,3.549365365,0.000665323,0.001676966,-1.296704193
FMOD,2.396305994,-0.004415138,10.89830325,3.2899999999999996e-17,1.9300000000000002e-15,28.75108237
FN1,1.417149337,0.475600423,6.121426679,3.73e-08,2.46e-07,8.162425554
FNDC1,3.949454781,0.8566629020000001,11.20376482,8.899999999999999e-18,5.990000000000001e-16,30.04538114
FNDC7,-0.293271606,0.034086763,-2.728237768,0.007900901,0.015378935,-3.589867584
FNDC8,0.324631684,0.041084785,3.636293569,0.000500323,0.001297582,-1.02797259
FREM2,-0.357074382,0.116891577,-2.824589052,0.006039289000000001,0.012099813999999999,-3.345332183
FREM3,-0.383104,0.020159103,-2.83303696,0.005896976999999999,0.011845663000000001,-3.32356326
FRZB,1.4817100840000001,0.404738957,4.980825545,3.85e-06,1.6100000000000002e-05,3.640602327
FST,1.466893045,0.38962666100000004,6.277418474,1.93e-08,1.36e-07,8.807998074
FSTL1,1.012894183,0.112375604,6.987981346000001,9.139999999999999e-10,8.69e-09,11.80585339
FSTL3,1.267143559,0.21603794,9.659570222000001,7.15e-15,2.1899999999999998e-13,23.42274707
GAS6,2.227580096,0.109835424,11.04183944,1.78e-17,1.1e-15,29.36038567
GDF15,0.44055637700000005,0.129506287,4.639989164,1.42e-05,5.22e-05,2.376361996
GDF2,0.214543254,0.085708915,2.7021049839999995,0.008489262,0.016400617,-3.654992618
GDF3,-0.44222369,-0.03081134,-4.952851404,4.29e-06,1.7800000000000002e-05,3.535080877
GDF5,-0.7383614709999999,-0.22847549600000003,-8.257667356,3.4700000000000004e-12,5.670000000000001e-11,17.30534364
GDF9,-0.514903579,-0.022186143,-4.620671839,1.53e-05,5.5799999999999994e-05,2.3061678569999997
GLDN,-0.8305848290000001,0.097952215,-4.40191042,3.45e-05,0.000116216,1.5229587409999998
GPC1,2.176837274,0.315821616,10.19490809,6.89e-16,2.76e-14,25.7392477
GPC2,0.40580175399999996,0.08932264300000001,5.423581177000001,6.64e-07,3.28e-06,5.348484845
GPC6,2.9912280069999997,0.33784212,9.892847929,2.57e-15,8.94e-14,24.43435599
GREM1,2.171123691,1.243080347,4.372232587,3.84e-05,0.00012821,1.4184174330000001
HABP2,-0.442696695,0.044771894000000007,-5.168339733,1.84e-06,8.28e-06,4.355502282
HAPLN1,0.978189683,0.47509179100000004,4.6316100669999996,1.47e-05,5.379999999999999e-05,2.345894485
HAPLN2,0.39800464,0.06798644200000001,3.889200415,0.000213416,0.000600065,-0.22065664399999999
HAPLN4,-0.47479115299999997,-0.046449593,-5.765648435,1.6399999999999999e-07,9.32e-07,6.7113379360000005
HBEGF,0.944249317,0.208365959,7.398056307999999,1.53e-10,1.7199999999999999e-09,13.56815695
HCFC2,1.241853122,0.13710302,6.069468036,4.64e-08,3e-07,7.948590415
HGF,2.454752386,0.426713665,9.278710254,3.82e-14,9.779999999999999e-13,21.76535317
HHIP,0.530394309,0.380906181,2.698548262,0.008572357,0.016549638999999998,-3.6638163539999997
HMCN1,4.157632693,0.49341442700000004,9.513130873,1.36e-14,3.91e-13,22.78624266
HPSE2,-0.472999998,-0.055189483,-5.083910532,2.57e-06,1.12e-05,4.032011731
HPX,-0.22760678899999998,-0.027712179,-2.587654545,0.011565347,0.021605177000000003,-3.934085332
HRG,-0.333331055,-0.054165283,-6.8184709539999995,1.9e-09,1.69e-08,11.08335706
HSPG2,2.3622610930000003,0.43788842899999997,14.55741175,1.04e-23,4.9e-21,43.55391284
HTRA1,3.389140722,-0.39482825899999996,12.562594099999998,2.99e-20,4.59e-18,35.68340924
HTRA3,1.44925578,0.35830145700000005,8.859379987999999,2.4299999999999997e-13,5.12e-12,19.93485589
HTRA4,1.074218353,0.44613099700000003,6.309992877999999,1.6799999999999998e-08,1.2099999999999998e-07,8.943457395
HYAL1,-0.340527855,-0.001848227,-2.735941082,0.007734714,0.015085848999999998,-3.570572059
HYAL2,0.8782090579999999,-0.011998979,5.97206027,6.97e-08,4.32e-07,7.549411592999999
HYAL3,0.230454648,0.037101983,2.930556125,0.00446311,0.00923673,-3.068493685
HYAL4,-0.186311504,-0.03282744,-2.497829528,0.014651021,0.026606762000000003,-4.146029938
IFNA10,-0.25580704,-0.043069638,-4.174324741,7.859999999999999e-05,0.000244709,0.732278798
IFNA14,-0.413248506,-0.05804724,-4.627470058,1.49e-05,5.45e-05,2.3308521890000002
IFNA17,-0.9447848790000001,-0.058435785999999997,-10.76395716,5.859999999999999e-17,3.18e-15,28.17906837
IFNA21,-0.404055958,-0.044044558,-5.053755675,2.89e-06,1.24e-05,3.917103575
IFNA4,-0.28658737300000003,-0.0328951,-3.520015832,0.0007318439999999999,0.001827491,-1.386388914
IFNA5,-0.167601287,-0.039134214,-2.431930909,0.017365804,0.030927748999999997,-4.297478491000001
IFNA7,-0.21105654399999998,0.018407084,-2.714500117,0.008205385,0.015908896000000002,-3.624167209
IFNB1,-0.39167938799999996,0.016497908000000002,-3.84550765,0.000247843,0.0006858439999999999,-0.36276362799999995
IFNG,-0.24518731300000002,0.034967822999999995,-2.6875845480000002,0.008833187,0.017004097,-3.6909554910000004
IFNK,0.18370364600000003,0.06481786099999999,3.0353284030000003,0.00328647,0.00702739,-2.7868253860000003
IFNW1,0.32225990600000004,0.192253095,3.081125875,0.0028688000000000003,0.006221707,-2.661269192
IGF1,1.788095999,0.406308066,7.5731190029999995,7.090000000000001e-11,8.54e-10,14.3255156
IGFALS,0.335236459,0.178080585,3.7884522439999997,0.000300855,0.000819176,-0.546700201
IGFBP2,1.480344158,0.033258161,4.924819948000001,4.78e-06,1.9600000000000002e-05,3.429647245
IGFBP3,2.598670915,0.25549234600000004,9.166135391000001,6.27e-14,1.5300000000000001e-12,21.27437968
IGFBP4,2.759515116,-0.005872738000000001,14.37994165,2.0600000000000002e-23,8.27e-21,42.87458103
IGFBP5,1.8289990269999998,0.19259762600000002,8.665376351,5.720000000000001e-13,1.1199999999999999e-11,19.086955800000002
IGFBP6,1.997071485,0.141354908,9.308363537,3.35e-14,8.72e-13,21.89460972
IGFBP7,0.349228773,0.108016326,3.0841530130000003,0.0028430120000000002,0.006169391999999999,-2.652918568
IHH,0.22479616,0.083167789,2.518757754,0.013872378999999999,0.025335591,-4.097213812
IL10,0.293501465,0.062483107,3.925610082,0.00018827099999999997,0.000537045,-0.10142088099999999
IL11,0.740886698,0.252746209,5.076483468999999,2.65e-06,1.15e-05,4.003678977
IL13,0.249457441,0.06327993900000001,3.0453604839999997,0.003190415,0.006837791,-2.7594474680000003
IL16,0.303984148,0.07986789700000001,2.615378312,0.010739376,0.020208288,-3.86740237
IL17B,0.539816201,0.103541618,6.0948460639999995,4.1699999999999996e-08,2.72e-07,8.052956198
IL17D,1.1163913840000002,0.201584005,7.51155129,9.290000000000001e-11,1.09e-09,14.05887223
IL19,-0.326174156,-0.029713799,-4.2212623030000005,6.64e-05,0.000210258,0.893243893
IL1F10,-0.194509286,-0.007152943,-2.466227491,0.01590135,0.028613158,-4.2190880669999995
IL2,0.21193037,0.0982413,2.652296232,0.009722535,0.01849379,-3.777686095
IL24,-0.231786062,-0.022713755,-2.276420463,0.025628431,0.043639030999999995,-4.641044137
IL26,0.185684218,0.04184187,4.0811490589999995,0.000109403,0.000329232,0.416104753
IL3,-0.38331330799999996,-0.041342563,-4.826187206,7e-06,2.75e-05,3.061132406
IL34,0.816175185,0.10417616699999999,8.244700317000001,3.6699999999999995e-12,5.970000000000001e-11,17.24872165
IL4,-0.24998051300000002,0.026424285,-2.774209335,0.006955512,0.013737306000000001,-3.47405673
IL5,0.285183389,0.10812574,3.8906936969999997,0.000212324,0.0005975080000000001,-0.215780917
IL6,1.478836796,0.39294578799999996,5.753610881,1.73e-07,9.75e-07,6.662808248999999
IL7,0.245548157,0.145031791,2.421982006,0.017812618,0.031632237,-4.3200427789999996
IL9,-0.179414501,0.022885514,-3.1916451930000003,0.002055672,0.004599183,-2.3522986130000003
IMPG2,-1.0403967459999999,0.386458594,-4.035230739,0.000128576,0.000381453,0.26196515
INHBA,4.172212708,0.902059308,9.021587466,1.1900000000000002e-13,2.6899999999999996e-12,20.64342797
INHBC,0.860226728,-0.013412586,6.093364731,4.2e-08,2.74e-07,8.046860224
INSL3,0.569307239,0.246044155,4.689334238,1.18e-05,4.41e-05,2.556405203
INSL5,-0.26330587699999997,0.0029340779999999997,-3.5288871910000004,0.0007111000000000001,0.001780836,-1.3593365780000002
ISM1,3.40461321,1.2236573579999999,7.458957617,1.17e-10,1.35e-09,13.83133695
ISM2,-0.28832459,-0.011296563,-3.743502486,0.000350076,0.000939075,-0.6902903340000001
ITIH2,-0.860998778,-0.057740665,-8.422589726,1.67e-12,2.9399999999999997e-11,18.02579567
ITIH3,1.606878986,0.45933748399999996,7.69520383,4.15e-11,5.3e-10,14.85508317
ITIH5,0.21783370600000002,0.089171598,2.528623889,0.013518393,0.024752161,-4.074081135
ITLN1,0.315595984,0.84383501,2.899400092,0.0048818,0.00999698,-3.1507366539999997
KAZALD1,-0.295757328,0.058717266,-2.484862427,0.015152963,0.027406315,-4.176103084
KCP,0.271422954,0.15728078199999998,2.356768346,0.021004263,0.036575168,-4.465980261
KERA,0.7088066009999999,0.263236258,3.21923004,0.001889412,0.00426673,-2.273883347
KITLG,0.382296709,0.10958903099999999,4.229692563,6.45e-05,0.00020453599999999998,0.92227229
LAMA1,1.725676815,0.399030593,6.801218115,2.0499999999999997e-09,1.8e-08,11.01004881
LAMA2,0.915573147,0.36280777799999997,3.82947249,0.000261763,0.00072131,-0.414645925
LAMA3,-1.113388494,0.19027820899999998,-4.068160368,0.000114528,0.00034326,0.372390571
LAMA4,1.049185428,0.10698603,8.437871054,1.56e-12,2.7600000000000004e-11,18.09257344
LAMB1,2.3537600690000002,0.732611705,9.914375595,2.3399999999999998e-15,8.24e-14,24.527551000000003
LAMB2,1.878362655,0.126191401,8.933122598999999,1.7499999999999999e-13,3.84e-12,20.25704319
LAMB3,-1.140638145,0.123588581,-4.957922484,4.2e-06,1.75e-05,3.5541871410000003
LAMC1,-0.47508158100000003,-0.13619243,-2.54904659,0.012811391,0.023623095,-4.025954614
LAMC2,-1.166586926,0.26348093300000003,-5.285155415,1.16e-06,5.43e-06,4.807234918
LAMC3,0.44622047,0.105525911,2.593562473,0.01138466,0.021310634,-3.919925037
LEFTY1,-0.317089213,-0.010777931000000001,-3.4016050339999997,0.001069715,0.002565308,-1.742738685
LGALS1,2.7616926,0.118402545,11.31764976,5.48e-18,3.9900000000000002e-16,30.52559631
LGALS13,-0.48374762,-0.029816194,-8.307282215,2.79e-12,4.6499999999999995e-11,17.52202813
LGALS14,-0.8436510740000001,0.010614635,-7.940247215,1.41e-11,1.9800000000000001e-10,15.92081872
LGALS2,0.843665152,0.290987383,7.043395897000001,7.190000000000001e-10,7e-09,12.04287424
LGALS4,-0.624633843,-0.059364345,-8.778568952999999,3.4700000000000004e-13,7.1199999999999995e-12,19.58170478
LGALS8,0.90915124,0.363381291,4.258676147,5.8099999999999996e-05,0.00018622299999999998,1.022345033
LGALS9,0.22793713899999998,-0.000710129,2.2623046159999998,0.026527702,0.045001303,-4.671254253
LGI2,0.383401324,0.109857612,3.086263673,0.00282516,0.006134845999999999,-2.647092361
LGI3,-0.277723928,-0.005897522,-3.6236838010000003,0.000521575,0.001347666,-1.06723946
LIF,0.66717236,0.082881599,3.5129709910000004,0.000748724,0.001865179,-1.4078366080000002
LMAN1L,-0.243451083,-0.060164174,-3.009758455,0.003543575,0.007530055,-2.8562863480000003
LOX,4.287677686,0.6781141940000001,9.44705693,1.82e-14,5.080000000000001e-13,22.49872217
LOXL1,3.22812988,0.885658649,11.40051279,3.85e-18,2.8700000000000003e-16,30.87417498
LOXL2,2.368410961,0.725903011,8.910850412,1.93e-13,4.16e-12,20.15974311
LOXL3,0.669243725,0.011744071000000002,5.738273521,1.8399999999999998e-07,1.03e-06,6.601032581
LOXL4,1.298318557,0.138387545,8.499267462999999,1.19e-12,2.1600000000000002e-11,18.36089513
LPA,0.22717368,0.054255860999999996,3.443567849,0.000935925,0.002279394,-1.6174692240000001
LRG1,-0.671027082,0.153997985,-3.686682725,0.00042333800000000005,0.001116293,-0.870108185
LTB,0.66700841,0.18521758100000002,2.27039891,0.026008701000000002,0.044212007000000005,-4.653951254
LTBP1,0.760971197,0.123900229,4.621865007,1.52e-05,5.56e-05,2.3104987830000003
LTBP2,3.448010623,0.349387999,14.53197953,1.14e-23,5.290000000000001e-21,43.4568164
LTBP3,0.415057319,0.142185594,5.457441257999999,5.79e-07,2.91e-06,5.481820998
LTBP4,0.906606604,0.153498084,5.878821251000001,1.0300000000000001e-07,6.1e-07,7.169485875
LUM,3.7902540439999997,0.600735703,8.348177463999999,2.32e-12,3.96e-11,17.70066958
MASP1,0.299651444,0.158458189,3.289556358,0.0015207520000000002,0.003502552,-2.071660322
MATN3,1.647551676,0.615182323,6.294283476,1.8e-08,1.28e-07,8.878103366
MATN4,0.39493708200000005,0.036665836,4.027680173,0.000132023,0.000390636,0.236726803
MBL2,0.22377440399999998,0.081304901,3.0081895480000003,0.003559943,0.007559775,-2.860533268
MEGF10,2.0823472290000002,1.060896455,4.327286312,4.5299999999999997e-05,0.00014856600000000001,1.26089752
MEGF11,-0.268858304,0.09348228199999999,-3.2873629,0.00153115,0.003524674,-2.07801727
MEGF6,-0.564100452,0.154328471,-4.002337253,0.000144253,0.000422269,0.15224006699999998
MEGF8,0.45467521299999997,0.08800728099999999,3.59291323,0.000577093,0.001475161,-1.162655149
MEGF9,0.6293854179999999,0.235553514,4.636637448,1.4400000000000001e-05,5.28e-05,2.36417103
MEP1B,-0.734403233,0.021354792999999997,-9.257189143,4.2e-14,1.07e-12,21.67152497
MEPE,-0.277613106,-0.026849685,-2.963866437,0.004052349,0.008486218,-2.979790912
MFAP2,1.049231104,-0.044280106,3.516249785,0.000740823,0.001847417,-1.397858314
MFAP4,1.138125227,0.313104202,6.31952176,1.62e-08,1.1599999999999999e-07,8.98312374
MFAP5,1.7518561780000002,1.025260311,3.736352914,0.00035858099999999996,0.0009589630000000001,-0.7130209670000001
MFGE8,0.20478015300000002,0.090419254,2.478670858,0.015398035,0.027790752000000002,-4.190415614
MGP,0.510795613,0.261462313,4.879157812,5.71e-06,2.2899999999999998e-05,3.258560373
MMP1,0.9491954490000001,0.7536325309999999,2.571683157,0.012066876,0.022419569,-3.9722305319999998
MMP11,2.543283566,0.49697730100000004,6.9900965170000005,9.06e-10,8.62e-09,11.81489328
MMP13,0.516027915,0.346129244,2.4791996469999997,0.015376967,0.027759614,-4.189194441000001
MMP14,0.754256015,0.118540887,8.627828845,6.750000000000001e-13,1.2999999999999999e-11,18.92283098
MMP15,-0.285871009,0.042196141,-4.348784346,4.1899999999999995e-05,0.00013833,1.336118377
MMP16,1.6360408430000002,0.284490879,8.820529026,2.8800000000000004e-13,5.9999999999999995e-12,19.76508279
MMP19,-0.26601289899999997,0.038376613999999996,-2.2241869569999997,0.029096313,0.048829331,-4.752010578
MMP2,3.450653712,0.524805329,13.42318208,9.04e-22,2.33e-19,39.14128261
MMP20,-0.241372237,-0.030813802999999997,-3.446578314,0.000926961,0.002259544,-1.608439119
MMP24,0.293981404,0.134651978,3.061232448,0.00304376,0.00655766,-2.715988189
MMP25,-0.5800164729999999,0.06410924,-5.355869659,8.720000000000001e-07,4.2e-06,5.082945553
MMP28,0.6879334990000001,0.38820380600000004,5.132444419,2.12e-06,9.37e-06,4.2176550189999995
MMP7,-1.332741314,0.109088949,-3.042211429,0.003220282,0.0068964809999999994,-2.7680489639999997
MMP8,0.297930582,0.11833125800000001,3.8005250630000003,0.000288805,0.000789269,-0.507935027
MMP9,1.0796918009999998,0.27145133899999996,2.8711240510000002,0.005292853,0.010743667,-3.224768006
MMRN1,0.420293112,0.30241898100000003,2.572338357,0.012045921000000001,0.022384379,-3.970669584
MMRN2,0.8849692370000001,0.299878123,3.608998732,0.000547406,0.001407534,-1.112847693
MST1L,0.22591983300000001,0.178434857,2.325869339,0.022686768,0.039237443,-4.533926815
MSTN,0.220830709,0.09135816699999999,2.66005372,0.009520325,0.018152663,-3.758701397
MUC1,-2.6943585260000003,0.328020976,-9.844018063,3.1899999999999998e-15,1.0800000000000002e-13,24.22286341
MUC13,0.413059945,0.152016351,4.174184186000001,7.859999999999999e-05,0.000244797,0.731798472
MUC15,-0.9186598840000001,0.468716911,-3.343054038,0.001286775,0.0030225609999999996,-1.9156367230000002
MUC16,-1.816681235,-0.5374092220000001,-6.25625363,2.11e-08,1.47e-07,8.720102249
MUC17,-0.256784618,0.003015797,-3.20139469,0.001995405,0.004479229,-2.324642464
MUC19,-0.43366636,-0.045842953,-5.571588936,3.64e-07,1.91e-06,5.933932283
MUC20,-0.724504643,0.34861273600000003,-3.0165381989999998,0.003473645,0.007392765999999999,-2.8379140539999996
MUC4,-0.899219415,0.5525468179999999,-2.593206482,0.011395475,0.021327284,-3.9207790510000002
MUC5B,-0.666833134,0.149048184,-4.510559433,2.3100000000000002e-05,8.08e-05,1.909211695
MUC6,0.348821125,0.062389455,3.3223968619999997,0.001372792,0.003200588,-1.976104906
MUC8,-0.752175217,0.066944951,-5.877430399,1.0300000000000001e-07,6.13e-07,7.163835102999999
MUCL1,-0.24547445699999998,0.030651011000000002,-2.335971161,0.022124007999999997,0.038368656,-4.511798391
MXRA5,2.159694606,0.11096911,7.698811407999999,4.08e-11,5.220000000000001e-10,14.8707474
NDNF,2.1683224759999997,0.7400319470000001,7.503144464,9.640000000000001e-11,1.13e-09,14.02248653
NELL2,-0.45765149200000005,0.44712905700000005,-2.7656934669999997,0.0071224140000000005,0.014034508999999999,-3.495629128
NGF,0.704721885,0.138443097,6.618848377999999,4.5e-09,3.68e-08,10.23795602
NGLY1,0.286722081,0.12372308900000001,2.37283457,0.020174011999999998,0.035278722,-4.4303449189999995
NID1,3.2270915789999997,0.17875350399999998,10.11604523,9.71e-16,3.7e-14,25.39915497
NID2,4.289703546,-0.295763801,11.88396258,5.010000000000001e-19,4.8e-17,32.89340124
NODAL,-0.423111709,0.013820391000000001,-5.45232926,5.91e-07,2.96e-06,5.461667532000001
NPNT,1.593034342,0.245983827,4.363155441,3.97e-05,0.00013198,1.38652693
NRG1,-0.48304804700000004,0.213015465,-2.881593728,0.005137073,0.010457209,-3.197424497
NRG2,0.42094427,0.155539549,3.8796078460000003,0.00022055799999999998,0.000618112,-0.251947645
NRG4,-0.298181382,0.045001479000000004,-5.124256903,2.19e-06,9.65e-06,4.186277608
NTN3,0.334682113,0.121115814,4.543975963,2.0399999999999998e-05,7.209999999999999e-05,2.029103079
NTNG2,0.8647620220000001,0.25488745,7.592181537999999,6.52e-11,7.95e-10,14.40813262
NYX,0.278521897,0.17612774,2.6988490069999997,0.008565302,0.016538893,-3.66307062
OGN,1.6844702440000001,1.179707761,4.845262182,6.5e-06,2.57e-05,3.1320968789999997
OMD,1.8957871769999999,0.714024495,6.630885964,4.27e-09,3.5099999999999997e-08,10.28875428
OPTC,-1.001677712,-0.04332528,-9.727336193,5.31e-15,1.7e-13,23.71692712
OSM,1.9227149780000001,0.372178681,9.269752036,3.97e-14,1.01e-12,21.72629887
OVGP1,-0.75663102,0.022365108999999998,-3.607684431,0.000549776,0.001412157,-1.11692322
PAPLN,0.995219425,0.476617114,3.152768253,0.002313331,0.0051143690000000006,-2.4619383619999997
PAPPA,1.7281174540000002,0.40941626299999995,6.8306973079999995,1.8100000000000002e-09,1.6100000000000002e-08,11.13533395
PAPPA2,-0.662976915,0.09182421199999999,-6.654688211,3.86e-09,3.21e-08,10.3892699
PARM1,0.647732057,0.248571674,4.280381827,5.3700000000000004e-05,0.00017352400000000001,1.097563173
PCOLCE,3.0343155960000003,0.710506502,12.25504204,1.0599999999999999e-19,1.3e-17,34.4256592
PCOLCE2,0.921892843,0.7575727990000001,3.397816849,0.001082643,0.002591345,-1.7539919309999998
PCSK5,2.206015954,0.547978732,9.83614649,3.3e-15,1.1199999999999999e-13,24.18875664
PDGFA,0.608920954,0.041299495,4.354486085,4.1e-05,0.000135824,1.356106083
PDGFC,0.564654561,0.19887412100000001,3.455311079,0.000901415,0.0022038,-1.582212067
PGF,0.8825894740000001,0.137537445,7.380779273,1.65e-10,1.84e-09,13.49355618
PI3,-0.9238517909999999,0.25852785100000003,-4.562383261,1.9e-05,6.790000000000001e-05,2.095360228
PIK3IP1,-0.40157643299999995,0.008611057,-5.194965186,1.66e-06,7.53e-06,4.458046669
PLAT,2.1816813059999998,-0.260149776,6.410879112000001,1.1000000000000001e-08,8.17e-08,9.36433655
PLAU,3.51133126,0.737864007,9.23031005,4.72e-14,1.18e-12,21.55431502
PLG,0.27224800899999996,0.095068675,3.1146762289999996,0.002594781,0.00567618,-2.568362581
PLOD1,1.7044771380000001,0.302045706,11.49044687,2.63e-18,2.02e-16,31.2516956
PLOD2,2.044271466,0.073829305,6.10025076,4.08e-08,2.67e-07,8.075201825
PLOD3,0.969893233,0.06070263099999999,6.350384185,1.42e-08,1.0300000000000001e-07,9.1117215
PLXDC1,1.6790325680000002,0.493345053,8.329119338,2.5299999999999995e-12,4.2700000000000005e-11,17.61741457
PLXDC2,2.22281354,0.541799322,8.604284915,7.49e-13,1.4199999999999998e-11,18.81991748
PLXNA1,0.587020919,0.13650865199999998,5.431454033,6.429999999999999e-07,3.19e-06,5.379454697000001
PLXNB2,1.412140375,0.17754831100000001,7.27683822,2.6e-10,2.7699999999999997e-09,13.04534606
PLXNC1,0.455822534,0.25804507600000004,3.155039227,0.002297486,0.005083891,-2.455562135
PLXND1,1.857294044,0.293816566,10.18342764,7.24e-16,2.89e-14,25.68976611
PODN,0.983087864,0.24572804,7.699488875,4.0700000000000006e-11,5.21e-10,14.87368908
PODNL1,1.7196716,0.04851899900000001,10.87050482,3.71e-17,2.16e-15,28.63285772
POSTN,1.314264787,0.6653417979999999,4.108761457,9.92e-05,0.000301439,0.5093309739999999
PRELP,1.76792407,0.42086896799999995,7.573968632000001,7.07e-11,8.530000000000001e-10,14.32919731
PRG2,-0.23597030800000002,0.013983068000000001,-2.397672908,0.018947855,0.033405291000000004,-4.374842688999999
PRG3,-0.263983912,-0.017626291000000002,-4.020146676,0.00013555,0.000399849,0.211575979
PRL,-0.282019905,-0.074395135,-2.659895934,0.009524399,0.01815598,-3.759088002
PRSS2,-0.936210868,0.185439543,-4.63551373,1.4499999999999998e-05,5.3e-05,2.360084906
PTN,1.292719199,0.17302663,3.604725972,0.000555147,0.0014240529999999998,-1.1260932909999999
PXDN,2.38110656,0.36578841799999995,8.208694104,4.309999999999999e-12,6.84e-11,17.09151888
PXDNL,0.30189366,0.10967975199999999,3.341607302,0.00129263,0.003032788,-1.919880716
PZP,-0.657334556,-0.10578538800000001,-6.664506427,3.7e-09,3.08e-08,10.43075884
REG1B,-0.26323742,-0.01900938,-3.4901423589999996,0.000805992,0.001993141,-1.477124585
REG3A,0.524996162,0.135004429,6.497469486,7.57e-09,5.8499999999999994e-08,9.72713201
RPTN,-0.284555601,-0.007707314,-3.87920476,0.000220863,0.000618889,-0.253261383
S100A1,-0.452894065,-0.043971984000000006,-3.6947009489999996,0.00041218,0.001089928,-0.8448482909999999
S100A11,0.768382957,-0.250838319,3.442570822,0.000938912,0.002285416,-1.6204586090000002
S100A13,-0.356789322,-0.06498427799999999,-4.406470266,3.39e-05,0.000114563,1.53905811
S100A14,-1.280354277,0.102816461,-5.328193525,9.740000000000001e-07,4.65e-06,4.974840025
S100A5,-0.36693494600000004,0.012835856999999999,-3.9948755489999996,0.000148057,0.00043192400000000003,0.12743070199999998
S100B,0.136971854,0.044628274,2.8366090180000003,0.005837735,0.011743646000000002,-3.3143428239999997
SCUBE1,0.933698736,0.260826922,8.138794362999999,5.8600000000000005e-12,9e-11,16.78644102
SCUBE2,1.191330086,0.363319016,6.003274346,6.12e-08,3.84e-07,7.677080714
SDC1,2.207193263,0.649888551,6.476159223,8.29e-09,6.36e-08,9.63771756
SDC2,0.9629925029999999,0.240890651,4.399778051,3.47e-05,0.000116952,1.515433407
SDC4,-0.763977208,-0.263791926,-3.448280605,0.000921928,0.002248509,-1.6033304330000002
SEMA3B,0.52788717,0.156834014,5.202250907,1.61e-06,7.33e-06,4.48615013
SEMA3C,0.5891675820000001,0.199792728,4.692485919,1.17e-05,4.3700000000000005e-05,2.567940231
SEMA3D,0.260714127,0.244856645,3.047015975,0.003174818,0.006806331,-2.754922783
SEMA3F,0.577641639,0.21171458899999998,5.7506187639999995,1.75e-07,9.86e-07,6.650751576
SEMA3G,-0.396212446,-0.022278632000000003,-2.654210473,0.009672278000000001,0.018412379,-3.7730056989999996
SEMA4B,-0.575569482,-0.08741309900000001,-4.240278756,6.2e-05,0.000197596,0.958774915
SEMA4C,0.337277912,0.030040382,3.8773954219999998,0.00022223700000000002,0.00062242,-0.25915726
SEMA4D,-0.644758496,0.050189642,-5.037022325,3.09e-06,1.32e-05,3.85348511
SEMA5A,1.451082912,0.532988527,5.562646246,3.7799999999999997e-07,1.97e-06,5.898369926
SEMA5B,-0.420694691,-0.006575645,-3.738925964,0.00035549800000000004,0.0009516339999999999,-0.704843914
SEMA6A,0.539664254,0.410054794,3.7842848719999997,0.000305124,0.0008300889999999999,-0.560061915
SEMA6C,-0.61486421,0.058764874,-4.597208183999999,1.67e-05,6.0299999999999995e-05,2.221127548
SEMA7A,0.623967875,0.145040702,6.195686041,2.73e-08,1.8600000000000002e-07,8.469091941
SERPINA10,0.26431370000000004,0.178658275,2.528639198,0.013517851,0.024752161,-4.07404518
SERPINA12,-0.318232106,-0.075985258,-4.184919748,7.57e-05,0.000236512,0.768514812
SERPINA4,-0.382328327,0.020446591,-3.6128171460000003,0.000540575,0.001392548,-1.1010012009999999
SERPINA7,-0.276880015,0.030540594,-3.5162185160000003,0.000740898,0.001847417,-1.397953504
SERPINA9,-0.753053766,-0.142666868,-6.164192899,3.12e-08,2.0899999999999998e-07,8.338887079
SERPINB1,0.403103439,0.115593843,3.7553380610000002,0.000336418,0.000906347,-0.6525959020000001
SERPINB10,-0.433982075,-0.079899175,-5.16111687,1.9e-06,8.49e-06,4.327727653999999
SERPINB11,-0.261700079,0.021780152,-3.733040874,0.000362587,0.0009687439999999999,-0.723540801
SERPINB12,-0.49843892799999995,0.024660426000000003,-6.514799738,7.03e-09,5.47e-08,9.799907724
SERPINB3,-0.21545636899999998,0.020484047,-2.889019096,0.005029163,0.010260100999999999,-3.1779833789999996
SERPINB5,-0.719748688,0.10958577,-4.410634672,3.34e-05,0.00011292700000000001,1.55376991
SERPINB7,-0.248100664,0.000811435,-2.966203672,0.004024884,0.00843347,-2.973537191
SERPINB8,-1.96982309,0.320977113,-15.56321539,2.26e-25,2.1799999999999997e-22,47.32539798
SERPIND1,-0.30574477899999997,0.003437517,-3.890850204,0.00021221,0.000597279,-0.21526983100000002
SERPINE1,3.102424301,0.832133137,11.30703766,5.7299999999999996e-18,4.12e-16,30.48090388
SERPINF1,3.711188535,0.7471634,12.10537101,1.98e-19,2.22e-17,33.80954132
SERPINF2,0.40377008200000003,0.10558619400000001,4.1890255,7.46e-05,0.00023329400000000002,0.7825723090000001
SERPING1,2.157994629,0.059315331,9.083894063999999,9.01e-14,2.0899999999999998e-12,20.91546152
SERPINH1,1.5517117480000002,0.196212075,5.377551765,7.990000000000001e-07,3.88e-06,5.167813314
SERPINI1,1.317902327,0.063165555,5.050397316000001,2.93e-06,1.26e-05,3.904327064
SERPINI2,-0.80465814,0.161248846,-5.021257434,3.28e-06,1.39e-05,3.793644557
SFRP1,2.115911895,0.763179632,6.6938859079999995,3.2600000000000003e-09,2.74e-08,10.555001400000002
SFRP2,2.215522395,0.871578361,5.44808392,6.01e-07,3.01e-06,5.444937003
SFRP4,5.201306043,0.6684264639999999,12.66171727,1.9900000000000002e-20,3.27e-18,36.08636033
SFTPB,0.752214767,0.154680507,8.019222257000001,9.939999999999998e-12,1.4500000000000002e-10,16.26494504
SFTPC,0.8858570309999999,0.19872046699999998,8.174158977000001,5.019999999999999e-12,7.84e-11,16.940772
SFTPD,-0.6477263360000001,0.22171887399999998,-3.2058277310000003,0.001968552,0.004423867,-2.312046126
SHH,0.6790083840000001,0.15223012800000002,7.892661994,1.74e-11,2.4e-10,15.71360851
SLIT1,0.317056933,0.12976690800000001,3.746503193,0.000346564,0.000930635,-0.680741286
SLIT2,1.624310731,0.390033884,7.009279799,8.33e-10,8.009999999999999e-09,11.89690572
SLIT3,1.189696123,0.283471065,6.46414672,8.73e-09,6.66e-08,9.587351715
SLPI,-1.341739496,-0.629247824,-3.928705837,0.00018627,0.000532292,-0.09124883199999999
SMOC1,-0.30559068899999997,0.083203487,-3.187829409,0.00207972,0.004645969000000001,-2.363105236
SMOC2,0.41306811,0.094053866,4.952510117,4.29e-06,1.7800000000000002e-05,3.533795371
SPAM1,-0.269783707,0.069971115,-3.0810002030000003,0.002869875,0.006223431,-2.661615732
SPARC,3.16818259,0.04351948,9.162858539,6.36e-14,1.5400000000000001e-12,21.26008243
SPARCL1,4.298746751,-0.547802835,12.37380274,6.51e-20,8.709999999999999e-18,34.91267004
SPOCK1,1.68341414,0.831835019,5.800502346,1.42e-07,8.2e-07,6.852072993999999
SPON1,-0.263874664,0.017479283999999998,-2.6720647630000003,0.009214775,0.017641208999999998,-3.729216454
SPP1,0.5133288220000001,0.202669934,2.68463736,0.008904524,0.017122484,-3.6982352869999997
SRGN,1.015948981,0.389652719,3.7946396460000003,0.000294621,0.000803777,-0.526843261
SRPX,3.631950245,0.279180212,10.51948502,1.68e-16,8.190000000000001e-15,27.134100699999998
SRPX2,3.648000193,0.98883358,12.47767403,4.24e-20,6.07e-18,35.33725193
SULF1,2.597726029,0.54827876,6.876297878,1.4800000000000003e-09,1.35e-08,11.32938192
SULF2,0.532953832,0.245124973,2.84364087,0.005722709,0.011534178,-3.296164323
SVEP1,1.038956857,0.575313119,3.6535531889999997,0.000472566,0.001233512,-0.974070918
TCHH,-0.25557388,-0.037251608,-3.099420892,0.002716205,0.005916173,-2.610703834
TECTA,0.189941998,0.10757965800000001,2.2946521140000002,0.024506812000000003,0.042025457,-4.601783258
TECTB,-0.581112848,-0.105133362,-7.055385815,6.819999999999999e-10,6.690000000000001e-09,12.09420853
TGFA,-1.3827676709999999,0.17092410800000002,-6.320635875,1.6100000000000002e-08,1.1599999999999999e-07,8.98776272
TGFB1,0.505052666,0.117622114,4.761411164,8.96e-06,3.45e-05,2.8212578460000004
TGFBI,2.936411736,0.756222767,10.81490737,4.7100000000000004e-17,2.63e-15,28.39619433
TGM3,-0.712634932,-0.110928598,-8.440356998,1.55e-12,2.7399999999999997e-11,18.10343703
TGM4,0.360343365,0.223492329,2.73660648,0.00772051,0.015059467,-3.568903253
TGM5,-0.86949982,0.04480027,-9.940223461,2.09e-15,7.44e-14,24.63941065
TGM6,-0.33190238899999996,0.002908043,-4.191418926,7.390000000000001e-05,0.000231597,0.790771013
TGM7,-0.369203655,-0.018674781,-4.271724587,5.539999999999999e-05,0.000178499,1.067534652
THBS1,4.352883147,0.758956643,13.90412036,1.33e-22,4.17e-20,41.03279632
THBS2,5.212620045,-0.562994209,15.08922714,1.35e-24,9.66e-22,45.56473708
THBS4,1.110754212,0.445595405,4.099573432,0.00010251100000000001,0.000310424,0.478265536
THPO,0.333775577,0.063809796,6.159360707,3.18e-08,2.1300000000000001e-07,8.318928165
THSD4,-0.870244143,0.23948010399999997,-5.059865475,2.82e-06,1.22e-05,3.9403584
TIMP1,2.558103294,0.252838165,10.06436045,1.22e-15,4.54e-14,25.17603259
TIMP2,1.38967045,0.12510470699999998,7.086213836000001,5.97e-10,5.91e-09,12.226277900000001
TIMP3,3.162173366,0.9249463509999999,8.51706495,1.1e-12,2.0200000000000002e-11,18.43868212
TIMP4,-0.285896484,0.086553517,-2.244942481,0.027671817999999997,0.046731682000000004,-4.708186732
TINAG,0.214766171,0.081670729,3.754978665,0.000336825,0.000906894,-0.653741723
TINAGL1,0.5869367120000001,0.101957508,5.966317365,7.139999999999999e-08,4.41e-07,7.525948265
TLL1,0.232774774,0.12450266300000001,2.670127517,0.009263445,0.017723697,-3.733979483
TNF,-0.459912896,-0.005143647,-4.467997605,2.7000000000000002e-05,9.32e-05,1.757248291
TNFAIP6,2.1093758940000003,0.637841322,7.140529455,4.71e-10,4.770000000000001e-09,12.459244900000002
TNFSF11,0.34935222299999996,0.05228219,5.423371232,6.64e-07,3.29e-06,5.347659244
TNFSF13,0.9447511759999999,0.085353999,5.804097839,1.4e-07,8.09e-07,6.86660959
TNFSF13B,1.418713925,0.226976908,4.705719775,1.11e-05,4.1700000000000004e-05,2.616421943
TNFSF14,0.927243266,0.18620372899999998,7.002735672000001,8.569999999999999e-10,8.22e-09,11.86892294
TNFSF18,-0.39471459799999997,-0.014948826,-4.513995911,2.2800000000000002e-05,7.99e-05,1.921517619
TNFSF4,2.906536308,0.871499585,8.351902978,2.29e-12,3.9100000000000006e-11,17.71694517
TNFSF8,1.275194025,0.151999191,6.206570247,2.61e-08,1.78e-07,8.514141595
TNFSF9,0.48858233100000004,0.12007519,5.418425044,6.78e-07,3.34e-06,5.328212579
TNN,0.590554966,0.17422046,6.040761206,5.2300000000000005e-08,3.35e-07,7.830715331
TNXB,0.399490106,0.158567271,3.999196898,0.000145842,0.00042647199999999995,0.141795051
TSKU,0.729280562,0.010796588999999999,8.546733217,9.660000000000001e-13,1.7899999999999998e-11,18.56835715
TSPEAR,0.44406510899999996,0.12018212699999999,5.765169681000001,1.65e-07,9.33e-07,6.7094070729999995
VCAN,3.7107419530000003,0.747144519,7.633619705,5.4399999999999994e-11,6.75e-10,14.58781784
VEGFB,0.8100261790000001,0.07552172900000001,7.241794626,3.03e-10,3.18e-09,12.89447542
VEGFC,2.493460366,0.455111455,10.31552747,4.08e-16,1.75e-14,26.25854499
VWA1,0.418482984,0.11638146699999999,3.918601147,0.00019288,0.000548501,-0.124431269
VWA3A,-0.583419013,-0.005785792,-5.951102016,7.61e-08,4.6700000000000004e-07,7.463823253999999
VWA3B,0.34966038200000005,0.184077482,2.752524008,0.00738775,0.014490528999999999,-3.528883323
VWA5B1,-0.546137336,0.095749573,-3.7383370780000003,0.000356201,0.0009532869999999999,-0.706715713
VWA5B2,-0.441968171,0.056601549,-4.460720081,2.78e-05,9.54e-05,1.731348249
VWA7,0.472097896,0.074730731,7.25832613,2.82e-10,2.98e-09,12.96563148
VWF,2.670280697,0.30775356600000003,10.85250141,4e-17,2.32e-15,28.55625279
WFIKKN1,-0.5055602370000001,-0.037988907999999995,-6.193365241,2.75e-08,1.87e-07,8.459489477
WIF1,1.0546752879999999,0.5674110410000001,3.2114306630000002,0.0019350970000000002,0.0043588229999999995,-2.296106619
WISP1,3.441585729,0.931905713,14.51338442,1.23e-23,5.5700000000000004e-21,43.3857691
WISP2,0.9124694809999999,0.323376253,5.395082492999999,7.45e-07,3.64e-06,5.236543431
WISP3,-1.550694409,0.311995492,-7.253377267,2.88e-10,3.04e-09,12.94432725
WNT1,-0.39981658600000003,0.006262814,-3.5184925039999997,0.000735463,0.0018356429999999999,-1.391029233
WNT10A,0.19319424899999998,0.052882065,2.300762545,0.024140721,0.041471276,-4.588563801
WNT10B,-1.097756479,-0.146672696,-12.11387782,1.92e-19,2.1600000000000002e-17,33.84462902
WNT2,0.901319854,0.46360082,2.630328033,0.010316524,0.019493828,-3.831198329
WNT2B,0.724927688,0.8871999559999999,3.094553968,0.002756044,0.005998241999999999,-2.62417813
WNT4,1.604491544,0.484843003,7.160949258,4.31e-10,4.39e-09,12.54691639
WNT5A,2.1515350840000003,0.508935214,5.440713477,6.19e-07,3.09e-06,5.415904172
WNT6,-1.877327058,0.347344304,-14.46952727,1.4599999999999998e-23,6.109999999999999e-21,43.2180213
WNT7A,-0.8145155609999999,0.190806664,-5.86423411,1.0900000000000001e-07,6.440000000000001e-07,7.110245759
WNT7B,0.545650774,0.14172032,5.371230785,8.2e-07,3.97e-06,5.143056013
WNT8A,-0.21814676600000002,-0.021150787999999997,-2.237700124,0.028161754,0.047447292,-4.723518973
WNT9A,0.40743390799999996,0.096765769,6.282996501,1.89e-08,1.33e-07,8.831178618
ZFP91,0.658150738,0.089844005,4.315013948,4.73e-05,0.000155004,1.218057676
ZP1,0.343969051,0.101158691,3.968212105,0.00016245,0.000470027,0.039024549
ZPLD1,0.6695707329999999,0.23631801,3.15964435,0.0022656670000000003,0.005017479,-2.442621489
