,substrate,control_mean,az20_mean,az20_fold_change,az20_p-value,az20_ctrlcv,az20_treatcv,kinase,position
13,AAK1(S637),42013616.75,62038586.43,1.476630465,0.00058113,0.107365236,0.043431414,AAK1,S637)
17,AAK1(T653),170533166.3,367377037.8,2.154284974,0.046207545999999995,0.197211379,0.358972866,AAK1,T653)
53,ABL2(S620),6063475420.0,8491834728.0,1.4004896759999999,0.007845876,0.1556068,0.060495259,ABL2,S620)
56,ABL2(S936),33690072.66,106517976.4,3.1617021860000003,0.039066083,1.230323633,0.22659157800000002,ABL2,S936)
422,AKT1(M134),459023705.6,197112066.4,0.429415875,0.015660546,0.275864461,0.250632215,AKT1,M134)
662,ARAF(S157),327376463.9,519169311.6,1.5858480030000002,0.029854448999999998,0.273710838,0.145726755,ARAF,S157)
1411,BRAF(S151),460713327.3,1196517995.0,2.597098726,0.0013161179999999998,0.34208466299999996,0.134759366,BRAF,S151)
1464,BRSK2(S423),3789867890.0,1761534529.0,0.46480103799999994,0.049465777,0.208900289,0.676796817,BRSK2,S423)
1675,CAMKK2(S100),671130641.2,852608064.4,1.27040551,0.019649031,0.084623171,0.095933431,CAMKK2,S100)
1682,CAMKV(T435),459255880.7,749560614.0,1.632119796,0.027740417000000003,0.28518111,0.152959638,CAMKV,T435)
2020,CDC42BPG(S1482),3969810451.0,4322755768.0,1.0889073470000001,0.036105932,0.047271645999999994,0.029690072,CDC42BPG,S1482)
2080,CDK11A(S271),437381960.4,949457291.7,2.17077378,0.0007685260000000001,0.204804028,0.115491594,CDK11A,S271)
2097,CDK12(S306),998079758.7,1474776067.0,1.477613441,0.005593514,0.135794368,0.095908671,CDK12,S306)
2110,CDK12(T1244),146428485.6,319675015.0,2.1831477230000003,0.046131158,0.614246363,0.247192568,CDK12,T1244)
2113,CDK12(T893),2102515428.0,4584709426.0,2.180583013,0.000128119,0.036364493,0.10659964400000001,CDK12,T893)
2127,CDK13(T1056),122488328.6,425419786.0,3.4731454910000004,0.000223582,0.423711968,0.098527151,CDK13,T1056)
2128,CDK13(T1058),174247263.6,531073313.6,3.047814367,0.001398675,0.380731635,0.166724713,CDK13,T1058)
2130,CDK13(T1246),728937406.3,519651148.1,0.712888574,0.017962973,0.09522933900000001,0.16989610600000002,CDK13,T1246)
2133,CDK13(T871),1026295158.0,2373888218.0,2.3130657880000003,0.00010807799999999999,0.066411074,0.105938381,CDK13,T871)
2141,CDK16(S153),102844674.1,35129160.66,0.341574913,0.016733553999999998,0.306416665,0.47824373600000003,CDK16,S153)
2146,CDK17(S180),272880031.1,89856810.33,0.329290531,0.003420895,0.22834407199999998,0.298500417,CDK17,S180)
2159,CDK18(Y153),35188021534.0,24793931745.0,0.704612839,0.006246956999999999,0.048654775,0.162353844,CDK18,Y153)
2163,CDK3(T14),1445990117.0,4750225208.0,3.2851021260000004,0.0030606059999999996,0.131270311,0.248825995,CDK3,T14)
2164,CDK3(Y15),804383913.8,3031482766.0,3.76870138,0.011494218999999998,0.25186096199999997,0.34801886299999996,CDK3,Y15)
2479,CIT(S1940),1469117834.0,2009668030.0,1.367942028,0.048170602,0.219933512,0.09798125199999999,CIT,S1940)
2481,CIT(S1993),603791992.0,239386164.8,0.39647124799999994,0.018481506,0.324185461,0.09021775800000001,CIT,S1993)
3567,EEF2K(S18),4247294210.0,5258747941.0,1.238140727,0.034525696,0.044111852,0.11706097300000001,EEF2K,S18)
3570,EEF2K(S72),2317355710.0,6333715.679,0.002733165,0.00020135200000000002,0.21549109,1.016814192,EEF2K,S72)
3571,EEF2K(S74),5779041921.0,298196743.9,0.051599685,0.000176135,0.199503707,0.293027889,EEF2K,S74)
3573,EEF2K(Y69),2317355710.0,6333715.679,0.002733165,0.00020135200000000002,0.21549109,1.016814192,EEF2K,Y69)
4941,GSK3B(T326),821904251.4,315969030.9,0.384435329,0.027016017000000003,0.09116248099999999,0.9234250759999999,GSK3B,T326)
4943,GSK3B(T392),100128286.9,235233265.1,2.3493187819999997,0.04761796,0.903775997,0.11196114199999999,GSK3B,T392)
4944,GSK3B(Y216),1098115556.0,13128734672.0,11.955695,0.000192098,0.327443291,0.194434685,GSK3B,Y216)
5626,IKBKB(M676),389433373.1,494343850.2,1.269392621,0.02065535,0.116279131,0.074249606,IKBKB,M676)
5885,JAK2(S472),1088212462.0,644853239.1,0.592580274,0.000428098,0.050232165,0.147889351,JAK2,S472)
6379,KSR1(T270),31679291.78,81044577.26,2.5582824840000002,0.036574788999999996,0.787407043,0.24561854,KSR1,T270)
6380,KSR1(T274),31679291.78,81044577.26,2.5582824840000002,0.036574788999999996,0.787407043,0.24561854,KSR1,T274)
6493,LATS1(T17),273974538.0,627274994.4,2.289537557,0.01632497,0.176372489,0.285029255,LATS1,T17)
6959,MAP3K11(S35),159301979.9,53583540.45,0.33636456,0.0065442090000000005,0.247940319,0.400187987,MAP3K11,S35)
6966,MAP3K2(S164),4194317078.0,3017720768.0,0.7194784540000001,0.038567919,0.147963863,0.152209528,MAP3K2,S164)
7047,MAPK1(Y187),2064556219.0,1413089123.0,0.6844517529999999,0.009157947,0.11631433199999999,0.125289547,MAPK1,Y187)
7050,MAPK3(T207),844858118.8,449741658.3,0.53232803,0.0019931239999999998,0.042997129,0.280608753,MAPK3,T207)
7051,MAPK3(Y204),1156545357.0,715871396.1,0.618973905,0.048023654000000006,0.099448083,0.399403279,MAPK3,Y204)
7125,MAST2(S900),1188344.1940000001,35057056.14,29.50075939,0.002909657,1.1389522490000001,0.34427436299999997,MAST2,S900)
7132,MAST4(S206),392974437.1,209179968.1,0.5322991739999999,0.044758806,0.318138135,0.070700036,MAST4,S206)
7137,MASTL(T519),42939508.2,118775926.1,2.7661221819999997,0.035914335,0.94543468,0.227657849,MASTL,T519)
7200,MCM4(S120),7870462506.0,16021149748.0,2.0356046080000003,0.000157896,0.130769548,0.083361239,MCM4,S120)
7201,MCM4(S326),249571618.1,410988864.4,1.646777256,0.018019548,0.17941472100000003,0.18060836600000002,MCM4,S326)
7318,MET(S966),24449546095.0,31958339438.0,1.307113814,0.002945372,0.070165182,0.065209295,MET,S966)
7414,MINK1(S701),159076400.0,237572552.9,1.4934493919999998,0.036920182999999995,0.141468273,0.19207843300000002,MINK1,S701)
7724,MTOR(S1891),5219750.218,56354691.16,10.79643447,0.016517787,1.732050808,0.44923721,MTOR,S1891)
8125,NEK6(S206),271881815.1,33118910.4,0.12181362800000001,0.000148314,0.152131102,0.78432847,NEK6,S206)
8768,PAK1(M143),17331236.5,122520599.6,7.0693513160000006,0.0016425510000000001,1.336847175,0.19922321699999998,PAK1,M143)
8780,PAK2(S197),1980180787.0,2438985543.0,1.231698418,0.030171787000000002,0.067784441,0.101377547,PAK2,S197)
8785,PAK4(S148),790176836.8,294571268.3,0.372791576,0.045512505,0.18276232899999997,1.0491939270000001,PAK4,S148)
8787,PAK4(S181),3040033363.0,2209525783.0,0.726809715,0.019178761000000003,0.09197323800000001,0.161284578,PAK4,S181)
8790,PAK4(T207),2417487885.0,1974244592.0,0.816651287,0.009558188,0.061731912,0.07116164700000001,PAK4,T207)
9061,PDPK1(S241),1392205268.0,2024072927.0,1.4538609880000002,0.000479565,0.058767625,0.067920436,PDPK1,S241)
9103,PEAK1(S823),88899124.92,291255678.6,3.2762491060000003,0.016026298,1.039131238,0.17569929399999998,PEAK1,S823)
9940,PRKDC(S2612),510763476.3,865530778.3,1.6945823619999998,0.026394642000000003,0.28402266600000003,0.17533863600000002,PRKDC,S2612)
9941,PRKDC(S3205),9285321.917000001,461838083.6,49.73851071,0.00688465,1.732050808,0.419764779,PRKDC,S3205)
9942,PRKDC(T1045),2181461255.0,5650157907.0,2.590079422,1.6e-05,0.12915179699999998,0.068880562,PRKDC,T1045)
9990,PRPF4B(S387),2829830323.0,998545041.8,0.352863927,0.002111609,0.081842379,0.57129802,PRPF4B,S387)
10210,PTK2B(S307),484796082.1,667615257.2,1.377105306,0.01328903,0.051642605,0.131404629,PTK2B,S307)
11000,RIOK1(S21),103776085.4,38315981.0,0.36921783,0.015476382,0.150951636,0.7838826720000001,RIOK1,S21)
11011,RIPK2(S357),855920020.3,520919920.5,0.608608174,0.018582914,0.140968922,0.259725356,RIPK2,S357)
11012,RIPK2(S363),197881985.6,335961101.1,1.6977851730000002,0.02378448,0.254156492,0.18337145600000002,RIPK2,S363)
11072,ROR1(S106),171943639.3,264520952.1,1.5384166190000002,0.006052839,0.21671332899999998,0.039448511,ROR1,S106)
11272,RPS6KA1(S363),524189279.2,229893635.7,0.438569892,0.035827573,0.19322099899999998,0.694935264,RPS6KA1,S363)
11276,RPS6KA1(T733),257643296.7,113387859.3,0.44009629100000003,0.02205676,0.07364327799999999,0.6989764490000001,RPS6KA1,T733)
11279,RPS6KA4(S343),216577950.2,91144278.04,0.420838215,0.004111787,0.162404086,0.36316135,RPS6KA4,S343)
11285,RPS6KA6(S232),1379693982.0,1009216968.0,0.731478851,0.000600886,0.031442457,0.086869586,RPS6KA6,S232)
11287,RPS6KB1(S427),5850418537.0,46282325.49,0.007910943,3.8399999999999997e-10,0.022450231,0.614726888,RPS6KB1,S427)
11288,RPS6KB1(S441),76883268207.0,47077900857.0,0.6123295999999999,0.002545585,0.130038773,0.061045786,RPS6KB1,S441)
11290,RPS6KB1(S452),1734048172.0,37622752.37,0.021696486,0.00233126,0.335227897,0.5880048929999999,RPS6KB1,S452)
11448,RYK(S323),1133585730.0,963476960.5,0.8499374470000001,0.036377812999999995,0.048472337000000004,0.098672461,RYK,S323)
12473,SPEG(T1907),24449546095.0,31958339438.0,1.307113814,0.002945372,0.070165182,0.065209295,SPEG,T1907)
12570,SRC(S17),8021308910.0,11440921401.0,1.42631602,0.024449828,0.076883607,0.16478957,SRC,S17)
13003,STK17A(S28),1062975602.0,1471519083.0,1.384339472,0.006766094,0.142463691,0.059529787,STK17A,S28)
13004,STK25_HUMAN(T168),20742190.27,207326503.0,9.995400691,0.000280094,1.732050808,0.112226754,STK25_HUMAN,T168)
13012,STK32C(S18),755565375.3,4143628353.0,5.484142721,0.00871357,0.552032498,0.35634608700000003,STK32C,S18)
13014,STK33(S77),6724962193.0,1968795992.0,0.292759414,0.003691248,0.10176250099999999,0.8405411290000001,STK33,S77)
13226,TAOK1(S421),1363593731.0,1836559961.0,1.346852746,0.049833837,0.189802057,0.11534582800000001,TAOK1,S421)
13578,TLK2(S111),3743764305.0,6876057939.0,1.83666956,0.031380035,0.128452951,0.273518647,TLK2,S111)
13579,TLK2(S117),90231322.16,347517216.4,3.851403349,0.002091702,0.396653861,0.22609032399999998,TLK2,S117)
14082,TRPM7(S1258),115093275.4,258896442.6,2.2494489069999997,0.002514741,0.25049367100000003,0.158107226,TRPM7,S1258)
14147,TTK(S281),1072135846.0,1458680798.0,1.36053729,0.04621253,0.161965671,0.139283623,TTK,S281)
14152,TTN(S25718),754888193.6,1147083951.0,1.519541517,0.005516286,0.20685962600000002,0.033052011,TTN,S25718)
14154,TTN(T474),2032652142.0,2758918235.0,1.357299746,0.048444428,0.080134798,0.17488320699999998,TTN,T474)
14155,TTN(T608),140066551.0,34537043.38,0.24657595399999999,0.0060512890000000005,0.289208112,0.5052801370000001,TTN,T608)
14362,ULK1(S450),409442048.9,163326519.9,0.398900211,0.006693923,0.25514899399999996,0.072914023,ULK1,S450)
14364,ULK1(S477),2499393247.0,1446567954.0,0.578767649,0.037092192,0.22461077399999999,0.26930333100000003,ULK1,S477)
14365,ULK1(S479),2499393247.0,1446567954.0,0.578767649,0.037092192,0.22461077399999999,0.26930333100000003,ULK1,S479)
14367,ULK1(S556),741374961.5,374600694.6,0.505278319,0.002337777,0.030123827000000002,0.330601308,ULK1,S556)
14369,ULK1(S638),82915131.67,190499607.5,2.297525237,0.017452139,0.39146688399999996,0.248030814,ULK1,S638)
14783,WNK3(S1095),1127005636.0,1253498877.0,1.1122383390000001,0.02863379,0.057651130999999994,0.032195269,WNK3,S1095)
14785,WNK3(S1585),3186630.0810000002,25835954.91,8.107610314,0.040066299,1.118358935,0.564949027,WNK3,S1585)
